<?xml version="1.0" encoding="utf-8"?>
<manifest identifier="NkRdDvDdqQYoO" xmlns="http://www.imsproject.org/xsd/imscp_rootv1p1p2" xmlns:adlcp="http://www.adlnet.org/xsd/adlcp_rootv1p2" xmlns:xsi="http://www.w3.org/2001/XMLSchema-instance" xmlns:lom="http://www.imsglobal.org/xsd/imsmd_rootv1p2p1" xsi:schemaLocation="http://www.imsproject.org/xsd/imscp_rootv1p1p2 imscp_rootv1p1p2.xsd http://www.imsglobal.org/xsd/imsmd_rootv1p2p1 imsmd_rootv1p2p1.xsd http://www.adlnet.org/xsd/adlcp_rootv1p2 adlcp_rootv1p2.xsd">
	<metadata>
		<schema>ADL SCORM</schema>
		<schemaversion>1.2</schemaversion>
		<lom:lom>
			<lom:general>
				<lom:title>
					<lom:langstring>Inuktitut-Temperature-Quiz</lom:langstring>
				</lom:title>
			</lom:general>
			<lom:educational>
				<lom:typicallearningtime>
				<lom:datetime>01:00:00</lom:datetime>
				</lom:typicallearningtime>
			</lom:educational>
		</lom:lom>
	</metadata>
	<organizations default="inuktitut-temperature-quiz_organization">
		<organization identifier="inuktitut-temperature-quiz_organization">

			<title>Inuktitut-Temperature-Quiz</title>
			<item identifier="E48D57CA-C8B6-4A76-BC26-4FFA90EF2399" identifierref="resource">
				<title>Temperature Quiz</title>
			</item>
		</organization>
	</organizations>
	<resources>
		<resource identifier="resource" type="webcontent" adlcp:scormtype="sco" href="res/index.html">
			<file href="res/data/apple-touch-icon.png"/>
<file href="res/data/browsersupport.js"/>
<file href="res/data/favicon.ico"/>
<file href="res/data/fonts/fnt0.woff"/>
<file href="res/data/fonts/fnt1.woff"/>
<file href="res/data/fonts/fnt2.woff"/>
<file href="res/data/fonts/fnt3.woff"/>
<file href="res/data/fonts/fnt4.woff"/>
<file href="res/data/fonts/fnt5.woff"/>
<file href="res/data/goodbye.html"/>
<file href="res/data/html5-unsupported.html"/>
<file href="res/data/html5.png"/>
<file href="res/data/images/img-1647e34e28018a77cd9719580c09345a898b9c08.png"/>
<file href="res/data/images/img-3c339aedb913bba39fca5395a594576c74898a0b.png"/>
<file href="res/data/images/img-7925fc8a3f7bcc262a062b69c60f1974666897c6.png"/>
<file href="res/data/images/img-94c5c10905181cd718d5f44d11e3fdb51a895770.png"/>
<file href="res/data/lms.js"/>
<file href="res/data/player.js"/>
<file href="res/index.html"/>

		</resource>
	</resources>
</manifest>